Model,Horizon,MAE,RMSE
LSTM,1h,0.47353894,0.6536609
LSTM,6h,1.193951,1.5724876
LSTM,24h,2.7225266,3.3539522
LSTM,168h,5.892747,6.6079674
