Model,Horizon,MAE,RMSE
PatchTST,1h,2.796781,3.3737667
PatchTST,6h,3.3177855,4.143217
PatchTST,24h,6.144288,7.0425973
PatchTST,168h,6.6101575,7.319733
